model,resolution,run,accuracy,balanced_accuracy,precision_macro,precision_weighted,recall_macro,recall_weighted,f1_macro,f1_weighted,precision,recall,f1_score,top_2_accuracy,top_3_accuracy,log_loss,roc_auc_macro,roc_auc_weighted,roc_auc
efficientnetb0,128,1,0.36483253588516745,0.4586203246739604,0.33309612186106713,0.5683363864591676,0.4586203246739604,0.36483253588516745,0.32962223365811394,0.3889916792005261,0.5683363864591676,0.36483253588516745,0.3889916792005261,0.534688995215311,0.6435406698564593,1.7770876885608375,0.7817920238324244,0.7489696824682074,0.7489696824682074
