{
    "model": "efficientnetb0",
    "resolution": 128,
    "run": 1,
    "accuracy": 0.36483253588516745,
    "balanced_accuracy": 0.4586203246739604,
    "precision_macro": 0.33309612186106713,
    "precision_weighted": 0.5683363864591676,
    "recall_macro": 0.4586203246739604,
    "recall_weighted": 0.36483253588516745,
    "f1_macro": 0.32962223365811394,
    "f1_weighted": 0.3889916792005261,
    "precision": 0.5683363864591676,
    "recall": 0.36483253588516745,
    "f1_score": 0.3889916792005261,
    "top_2_accuracy": 0.534688995215311,
    "top_3_accuracy": 0.6435406698564593,
    "log_loss": 1.7770876885608375,
    "roc_auc_macro": 0.7817920238324244,
    "roc_auc_weighted": 0.7489696824682074,
    "roc_auc": 0.7489696824682074
}