{
    "model": "efficientnetb0",
    "resolution": 224,
    "run": 1,
    "accuracy": 0.5005959475566151,
    "balanced_accuracy": 0.49359216421165164,
    "precision_macro": 0.43221020921878944,
    "precision_weighted": 0.5751886103485727,
    "recall_macro": 0.49359216421165164,
    "recall_weighted": 0.5005959475566151,
    "f1_macro": 0.43405413068796356,
    "f1_weighted": 0.5122403889404001,
    "precision": 0.5751886103485727,
    "recall": 0.5005959475566151,
    "f1_score": 0.5122403889404001,
    "top_2_accuracy": 0.7222884386174017,
    "top_3_accuracy": 0.8581644815256257,
    "log_loss": 1.2826385805191802,
    "roc_auc_macro": 0.8514855327978079,
    "roc_auc_weighted": 0.8134365579321179,
    "roc_auc": 0.8134365579321179
}