{
    "model": "efficientnetb0",
    "resolution": 64,
    "run": 1,
    "accuracy": 0.4195064629847238,
    "balanced_accuracy": 0.48090681296231275,
    "precision_macro": 0.3747616083951112,
    "precision_weighted": 0.5844615859663728,
    "recall_macro": 0.48090681296231275,
    "recall_weighted": 0.4195064629847238,
    "f1_macro": 0.38074203056401623,
    "f1_weighted": 0.43794835373269847,
    "precision": 0.5844615859663728,
    "recall": 0.4195064629847238,
    "f1_score": 0.43794835373269847,
    "top_2_accuracy": 0.6192714453584018,
    "top_3_accuracy": 0.754406580493537,
    "log_loss": 1.55087150015286,
    "roc_auc_macro": 0.7907564226719384,
    "roc_auc_weighted": 0.7640804051852114,
    "roc_auc": 0.7640804051852114
}