model,resolution,run,accuracy,balanced_accuracy,precision_macro,precision_weighted,recall_macro,recall_weighted,f1_macro,f1_weighted,precision,recall,f1_score,top_2_accuracy,top_3_accuracy,log_loss,roc_auc_macro,roc_auc_weighted,roc_auc
efficientnetb0,32,1,0.3137019230769231,0.46826375944151355,0.28134843957212374,0.5171836819135655,0.46826375944151355,0.3137019230769231,0.26919050440658976,0.34092605346397714,0.5171836819135655,0.3137019230769231,0.34092605346397714,0.5012019230769231,0.6586538461538461,1.7578590162999779,0.7621454122413438,0.7067022133689724,0.7067022133689724
