model,resolution,run,accuracy,balanced_accuracy,precision_macro,precision_weighted,recall_macro,recall_weighted,f1_macro,f1_weighted,precision,recall,f1_score,top_2_accuracy,top_3_accuracy,log_loss,roc_auc_macro,roc_auc_weighted,roc_auc
efficientnetb0,64,1,0.4195064629847238,0.48090681296231275,0.3747616083951112,0.5844615859663728,0.48090681296231275,0.4195064629847238,0.38074203056401623,0.43794835373269847,0.5844615859663728,0.4195064629847238,0.43794835373269847,0.6192714453584018,0.754406580493537,1.55087150015286,0.7907564226719384,0.7640804051852114,0.7640804051852114
