{
    "model": "efficientnetb0",
    "resolution": 32,
    "run": 1,
    "accuracy": 0.3137019230769231,
    "balanced_accuracy": 0.46826375944151355,
    "precision_macro": 0.28134843957212374,
    "precision_weighted": 0.5171836819135655,
    "recall_macro": 0.46826375944151355,
    "recall_weighted": 0.3137019230769231,
    "f1_macro": 0.26919050440658976,
    "f1_weighted": 0.34092605346397714,
    "precision": 0.5171836819135655,
    "recall": 0.3137019230769231,
    "f1_score": 0.34092605346397714,
    "top_2_accuracy": 0.5012019230769231,
    "top_3_accuracy": 0.6586538461538461,
    "log_loss": 1.7578590162999779,
    "roc_auc_macro": 0.7621454122413438,
    "roc_auc_weighted": 0.7067022133689724,
    "roc_auc": 0.7067022133689724
}