model,resolution,run,accuracy,balanced_accuracy,precision_macro,precision_weighted,recall_macro,recall_weighted,f1_macro,f1_weighted,precision,recall,f1_score,top_2_accuracy,top_3_accuracy,log_loss,roc_auc_macro,roc_auc_weighted,roc_auc
efficientnetb0,224,1,0.5005959475566151,0.49359216421165164,0.43221020921878944,0.5751886103485727,0.49359216421165164,0.5005959475566151,0.43405413068796356,0.5122403889404001,0.5751886103485727,0.5005959475566151,0.5122403889404001,0.7222884386174017,0.8581644815256257,1.2826385805191802,0.8514855327978079,0.8134365579321179,0.8134365579321179
