{
    "model": "mobilenetv2",
    "resolution": 64,
    "run": 1,
    "accuracy": 0.29142185663924797,
    "balanced_accuracy": 0.31398475914105306,
    "precision_macro": 0.22812488383393312,
    "precision_weighted": 0.4673205297084293,
    "recall_macro": 0.31398475914105306,
    "recall_weighted": 0.29142185663924797,
    "f1_macro": 0.22281085492167035,
    "f1_weighted": 0.3195316484872851,
    "precision": 0.4673205297084293,
    "recall": 0.29142185663924797,
    "f1_score": 0.3195316484872851,
    "top_2_accuracy": 0.48531139835487663,
    "top_3_accuracy": 0.6674500587544065,
    "log_loss": 1.8502737258692408,
    "roc_auc_macro": 0.7147988706800967,
    "roc_auc_weighted": 0.6615113021872814,
    "roc_auc": 0.6615113021872814
}