model,resolution,run,accuracy,balanced_accuracy,precision_macro,precision_weighted,recall_macro,recall_weighted,f1_macro,f1_weighted,precision,recall,f1_score,top_2_accuracy,top_3_accuracy,log_loss,roc_auc_macro,roc_auc_weighted,roc_auc
mobilenetv2,64,1,0.29142185663924797,0.31398475914105306,0.22812488383393312,0.4673205297084293,0.31398475914105306,0.29142185663924797,0.22281085492167035,0.3195316484872851,0.4673205297084293,0.29142185663924797,0.3195316484872851,0.48531139835487663,0.6674500587544065,1.8502737258692408,0.7147988706800967,0.6615113021872814,0.6615113021872814
