model,resolution,run,accuracy,balanced_accuracy,precision_macro,precision_weighted,recall_macro,recall_weighted,f1_macro,f1_weighted,precision,recall,f1_score,top_2_accuracy,top_3_accuracy,log_loss,roc_auc_macro,roc_auc_weighted,roc_auc
mobilenetv2,128,1,0.35526315789473684,0.2551510647122265,0.23199113940960525,0.46312127713676365,0.2551510647122265,0.35526315789473684,0.2215457332309404,0.376817684451437,0.46312127713676365,0.35526315789473684,0.376817684451437,0.5478468899521531,0.7284688995215312,1.9116774585743916,0.7318766060801194,0.686185062255994,0.686185062255994
