{
    "model": "mobilenetv2",
    "resolution": 32,
    "run": 1,
    "accuracy": 0.28365384615384615,
    "balanced_accuracy": 0.15274970896877207,
    "precision_macro": 0.1296575692033622,
    "precision_weighted": 0.3044723767173506,
    "recall_macro": 0.15274970896877207,
    "recall_weighted": 0.28365384615384615,
    "f1_macro": 0.11958937360813629,
    "f1_weighted": 0.2691861516789109,
    "precision": 0.3044723767173506,
    "recall": 0.28365384615384615,
    "f1_score": 0.2691861516789109,
    "top_2_accuracy": 0.5276442307692307,
    "top_3_accuracy": 0.6959134615384616,
    "log_loss": 1.7766409724096401,
    "roc_auc_macro": 0.5858179786359234,
    "roc_auc_weighted": 0.5566733403256797,
    "roc_auc": 0.5566733403256797
}