{
    "model": "mobilenetv2",
    "resolution": 128,
    "run": 1,
    "accuracy": 0.35526315789473684,
    "balanced_accuracy": 0.2551510647122265,
    "precision_macro": 0.23199113940960525,
    "precision_weighted": 0.46312127713676365,
    "recall_macro": 0.2551510647122265,
    "recall_weighted": 0.35526315789473684,
    "f1_macro": 0.2215457332309404,
    "f1_weighted": 0.376817684451437,
    "precision": 0.46312127713676365,
    "recall": 0.35526315789473684,
    "f1_score": 0.376817684451437,
    "top_2_accuracy": 0.5478468899521531,
    "top_3_accuracy": 0.7284688995215312,
    "log_loss": 1.9116774585743916,
    "roc_auc_macro": 0.7318766060801194,
    "roc_auc_weighted": 0.686185062255994,
    "roc_auc": 0.686185062255994
}