{
    "model": "mobilenetv2",
    "resolution": 224,
    "run": 1,
    "accuracy": 0.567342073897497,
    "balanced_accuracy": 0.5512377063566481,
    "precision_macro": 0.4851882646308563,
    "precision_weighted": 0.5971377652526557,
    "recall_macro": 0.5512377063566481,
    "recall_weighted": 0.567342073897497,
    "f1_macro": 0.5002337345859945,
    "f1_weighted": 0.5738295682299557,
    "precision": 0.5971377652526557,
    "recall": 0.567342073897497,
    "f1_score": 0.5738295682299557,
    "top_2_accuracy": 0.7735399284862932,
    "top_3_accuracy": 0.8784266984505363,
    "log_loss": 1.195301260275513,
    "roc_auc_macro": 0.8735659018381543,
    "roc_auc_weighted": 0.821691038288466,
    "roc_auc": 0.821691038288466
}