model,resolution,run,accuracy,balanced_accuracy,precision_macro,precision_weighted,recall_macro,recall_weighted,f1_macro,f1_weighted,precision,recall,f1_score,top_2_accuracy,top_3_accuracy,log_loss,roc_auc_macro,roc_auc_weighted,roc_auc
mobilenetv2,32,1,0.28365384615384615,0.15274970896877207,0.1296575692033622,0.3044723767173506,0.15274970896877207,0.28365384615384615,0.11958937360813629,0.2691861516789109,0.3044723767173506,0.28365384615384615,0.2691861516789109,0.5276442307692307,0.6959134615384616,1.7766409724096401,0.5858179786359234,0.5566733403256797,0.5566733403256797
