model,resolution,run,accuracy,balanced_accuracy,precision_macro,precision_weighted,recall_macro,recall_weighted,f1_macro,f1_weighted,precision,recall,f1_score,top_2_accuracy,top_3_accuracy,log_loss,roc_auc_macro,roc_auc_weighted,roc_auc
mobilenetv2,224,1,0.567342073897497,0.5512377063566481,0.4851882646308563,0.5971377652526557,0.5512377063566481,0.567342073897497,0.5002337345859945,0.5738295682299557,0.5971377652526557,0.567342073897497,0.5738295682299557,0.7735399284862932,0.8784266984505363,1.195301260275513,0.8735659018381543,0.821691038288466,0.821691038288466
