{
    "model": "resnet50",
    "resolution": 128,
    "run": 1,
    "accuracy": 0.4904306220095694,
    "balanced_accuracy": 0.6085096053759929,
    "precision_macro": 0.42430902802976717,
    "precision_weighted": 0.6142783617071915,
    "recall_macro": 0.6085096053759929,
    "recall_weighted": 0.4904306220095694,
    "f1_macro": 0.46366001063499684,
    "f1_weighted": 0.5142410914847201,
    "precision": 0.6142783617071915,
    "recall": 0.4904306220095694,
    "f1_score": 0.5142410914847201,
    "top_2_accuracy": 0.7129186602870813,
    "top_3_accuracy": 0.8421052631578947,
    "log_loss": 1.3848257104584685,
    "roc_auc_macro": 0.836787153409701,
    "roc_auc_weighted": 0.817115296723059,
    "roc_auc": 0.817115296723059
}