model,resolution,run,accuracy,balanced_accuracy,precision_macro,precision_weighted,recall_macro,recall_weighted,f1_macro,f1_weighted,precision,recall,f1_score,top_2_accuracy,top_3_accuracy,log_loss,roc_auc_macro,roc_auc_weighted,roc_auc
resnet50,64,1,0.4300822561692127,0.4736233296369501,0.40786661349554243,0.5930216898747369,0.4736233296369501,0.4300822561692127,0.3962161872953761,0.4554391906842899,0.5930216898747369,0.4300822561692127,0.4554391906842899,0.6792009400705052,0.8049353701527615,1.4309038049997138,0.7871342833248981,0.7931226428428662,0.7931226428428662
