model,resolution,run,accuracy,balanced_accuracy,precision_macro,precision_weighted,recall_macro,recall_weighted,f1_macro,f1_weighted,precision,recall,f1_score,top_2_accuracy,top_3_accuracy,log_loss,roc_auc_macro,roc_auc_weighted,roc_auc
resnet50,224,1,0.599523241954708,0.6882187352002851,0.5631157409773792,0.6461411117159078,0.6882187352002851,0.599523241954708,0.5947404571646185,0.6090123633621152,0.6461411117159078,0.599523241954708,0.6090123633621152,0.8009535160905841,0.8915375446960667,1.1190549005518238,0.8990813318113025,0.8609954812328386,0.8609954812328386
