model,resolution,run,accuracy,balanced_accuracy,precision_macro,precision_weighted,recall_macro,recall_weighted,f1_macro,f1_weighted,precision,recall,f1_score,top_2_accuracy,top_3_accuracy,log_loss,roc_auc_macro,roc_auc_weighted,roc_auc
resnet50,128,1,0.4904306220095694,0.6085096053759929,0.42430902802976717,0.6142783617071915,0.6085096053759929,0.4904306220095694,0.46366001063499684,0.5142410914847201,0.6142783617071915,0.4904306220095694,0.5142410914847201,0.7129186602870813,0.8421052631578947,1.3848257104584685,0.836787153409701,0.817115296723059,0.817115296723059
