model,resolution,run,accuracy,balanced_accuracy,precision_macro,precision_weighted,recall_macro,recall_weighted,f1_macro,f1_weighted,precision,recall,f1_score,top_2_accuracy,top_3_accuracy,log_loss,roc_auc_macro,roc_auc_weighted,roc_auc
resnet50,32,1,0.40384615384615385,0.49281328475000163,0.3518593545963077,0.5730685752764327,0.49281328475000163,0.40384615384615385,0.36447814781394605,0.4235095934250333,0.5730685752764327,0.40384615384615385,0.4235095934250333,0.6298076923076923,0.7620192307692307,1.5685741090031156,0.8153095779372849,0.773387713694919,0.773387713694919
