{
    "summary": {
        "accuracy": 0.4195064629847238,
        "balanced_accuracy": 0.48090681296231275,
        "precision_macro": 0.3747616083951112,
        "precision_weighted": 0.5844615859663728,
        "recall_macro": 0.48090681296231275,
        "recall_weighted": 0.4195064629847238,
        "f1_macro": 0.38074203056401623,
        "f1_weighted": 0.43794835373269847,
        "precision": 0.5844615859663728,
        "recall": 0.4195064629847238,
        "f1_score": 0.43794835373269847,
        "top_2_accuracy": 0.6192714453584018,
        "top_3_accuracy": 0.754406580493537,
        "log_loss": 1.55087150015286,
        "roc_auc_macro": 0.7907564226719384,
        "roc_auc_weighted": 0.7640804051852114,
        "roc_auc": 0.7640804051852114
    },
    "classification_report": {
        "A": {
            "precision": 0.6,
            "recall": 0.75,
            "f1-score": 0.6666666666666666,
            "support": 4.0
        },
        "AGC": {
            "precision": 0.21774193548387097,
            "recall": 0.7941176470588235,
            "f1-score": 0.34177215189873417,
            "support": 34.0
        },
        "ASC-H": {
            "precision": 0.216,
            "recall": 0.5625,
            "f1-score": 0.31213872832369943,
            "support": 48.0
        },
        "ASC-US": {
            "precision": 0.3875,
            "recall": 0.4246575342465753,
            "f1-score": 0.40522875816993464,
            "support": 146.0
        },
        "HSIL": {
            "precision": 0.368,
            "recall": 0.40707964601769914,
            "f1-score": 0.3865546218487395,
            "support": 113.0
        },
        "LSIL": {
            "precision": 0.3695652173913043,
            "recall": 0.5666666666666667,
            "f1-score": 0.4473684210526316,
            "support": 90.0
        },
        "NILM": {
            "precision": 0.8392857142857143,
            "recall": 0.3422330097087379,
            "f1-score": 0.4862068965517241,
            "support": 412.0
        },
        "SC": {
            "precision": 0.0,
            "recall": 0.0,
            "f1-score": 0.0,
            "support": 4.0
        },
        "accuracy": 0.4195064629847238,
        "macro avg": {
            "precision": 0.3747616083951112,
            "recall": 0.48090681296231275,
            "f1-score": 0.38074203056401623,
            "support": 851.0
        },
        "weighted avg": {
            "precision": 0.5844615859663728,
            "recall": 0.4195064629847238,
            "f1-score": 0.43794835373269847,
            "support": 851.0
        }
    },
    "confusion_matrix": [
        [
            3,
            1,
            0,
            0,
            0,
            0,
            0,
            0
        ],
        [
            0,
            27,
            3,
            1,
            1,
            0,
            2,
            0
        ],
        [
            0,
            4,
            27,
            5,
            5,
            5,
            2,
            0
        ],
        [
            0,
            24,
            14,
            62,
            13,
            17,
            16,
            0
        ],
        [
            0,
            11,
            16,
            13,
            46,
            21,
            4,
            2
        ],
        [
            0,
            12,
            9,
            7,
            6,
            51,
            3,
            2
        ],
        [
            2,
            42,
            55,
            72,
            54,
            44,
            141,
            2
        ],
        [
            0,
            3,
            1,
            0,
            0,
            0,
            0,
            0
        ]
    ]
}