{
    "summary": {
        "accuracy": 0.5005959475566151,
        "balanced_accuracy": 0.49359216421165164,
        "precision_macro": 0.43221020921878944,
        "precision_weighted": 0.5751886103485727,
        "recall_macro": 0.49359216421165164,
        "recall_weighted": 0.5005959475566151,
        "f1_macro": 0.43405413068796356,
        "f1_weighted": 0.5122403889404001,
        "precision": 0.5751886103485727,
        "recall": 0.5005959475566151,
        "f1_score": 0.5122403889404001,
        "top_2_accuracy": 0.7222884386174017,
        "top_3_accuracy": 0.8581644815256257,
        "log_loss": 1.2826385805191802,
        "roc_auc_macro": 0.8514855327978079,
        "roc_auc_weighted": 0.8134365579321179,
        "roc_auc": 0.8134365579321179
    },
    "classification_report": {
        "A": {
            "precision": 0.75,
            "recall": 0.75,
            "f1-score": 0.75,
            "support": 4.0
        },
        "AGC": {
            "precision": 0.30434782608695654,
            "recall": 0.6363636363636364,
            "f1-score": 0.4117647058823529,
            "support": 33.0
        },
        "ASC-H": {
            "precision": 0.22033898305084745,
            "recall": 0.24528301886792453,
            "f1-score": 0.23214285714285715,
            "support": 53.0
        },
        "ASC-US": {
            "precision": 0.3458333333333333,
            "recall": 0.5724137931034483,
            "f1-score": 0.43116883116883115,
            "support": 145.0
        },
        "HSIL": {
            "precision": 0.3888888888888889,
            "recall": 0.5233644859813084,
            "f1-score": 0.44621513944223107,
            "support": 107.0
        },
        "LSIL": {
            "precision": 0.4117647058823529,
            "recall": 0.15555555555555556,
            "f1-score": 0.22580645161290322,
            "support": 90.0
        },
        "NILM": {
            "precision": 0.8142857142857143,
            "recall": 0.56575682382134,
            "f1-score": 0.6676427525622255,
            "support": 403.0
        },
        "SC": {
            "precision": 0.2222222222222222,
            "recall": 0.5,
            "f1-score": 0.3076923076923077,
            "support": 4.0
        },
        "accuracy": 0.5005959475566151,
        "macro avg": {
            "precision": 0.43221020921878944,
            "recall": 0.49359216421165164,
            "f1-score": 0.43405413068796356,
            "support": 839.0
        },
        "weighted avg": {
            "precision": 0.5751886103485727,
            "recall": 0.5005959475566151,
            "f1-score": 0.5122403889404001,
            "support": 839.0
        }
    },
    "confusion_matrix": [
        [
            3,
            0,
            0,
            1,
            0,
            0,
            0,
            0
        ],
        [
            0,
            21,
            1,
            9,
            0,
            0,
            2,
            0
        ],
        [
            0,
            7,
            13,
            14,
            8,
            5,
            5,
            1
        ],
        [
            0,
            10,
            5,
            83,
            14,
            5,
            27,
            1
        ],
        [
            1,
            8,
            7,
            19,
            56,
            5,
            10,
            1
        ],
        [
            0,
            5,
            15,
            16,
            29,
            14,
            8,
            3
        ],
        [
            0,
            18,
            18,
            98,
            35,
            5,
            228,
            1
        ],
        [
            0,
            0,
            0,
            0,
            2,
            0,
            0,
            2
        ]
    ]
}