{
    "summary": {
        "accuracy": 0.3137019230769231,
        "balanced_accuracy": 0.46826375944151355,
        "precision_macro": 0.28134843957212374,
        "precision_weighted": 0.5171836819135655,
        "recall_macro": 0.46826375944151355,
        "recall_weighted": 0.3137019230769231,
        "f1_macro": 0.26919050440658976,
        "f1_weighted": 0.34092605346397714,
        "precision": 0.5171836819135655,
        "recall": 0.3137019230769231,
        "f1_score": 0.34092605346397714,
        "top_2_accuracy": 0.5012019230769231,
        "top_3_accuracy": 0.6586538461538461,
        "log_loss": 1.7578590162999779,
        "roc_auc_macro": 0.7621454122413438,
        "roc_auc_weighted": 0.7067022133689724,
        "roc_auc": 0.7067022133689724
    },
    "classification_report": {
        "A": {
            "precision": 0.125,
            "recall": 0.6666666666666666,
            "f1-score": 0.21052631578947367,
            "support": 3.0
        },
        "AGC": {
            "precision": 0.11538461538461539,
            "recall": 0.6,
            "f1-score": 0.1935483870967742,
            "support": 35.0
        },
        "ASC-H": {
            "precision": 0.1696969696969697,
            "recall": 0.5833333333333334,
            "f1-score": 0.26291079812206575,
            "support": 48.0
        },
        "ASC-US": {
            "precision": 0.35,
            "recall": 0.19718309859154928,
            "f1-score": 0.25225225225225223,
            "support": 142.0
        },
        "HSIL": {
            "precision": 0.3458646616541353,
            "recall": 0.42592592592592593,
            "f1-score": 0.3817427385892116,
            "support": 108.0
        },
        "LSIL": {
            "precision": 0.27380952380952384,
            "recall": 0.24731182795698925,
            "f1-score": 0.2598870056497175,
            "support": 93.0
        },
        "NILM": {
            "precision": 0.7638888888888888,
            "recall": 0.2756892230576441,
            "f1-score": 0.40515653775322286,
            "support": 399.0
        },
        "SC": {
            "precision": 0.10714285714285714,
            "recall": 0.75,
            "f1-score": 0.1875,
            "support": 4.0
        },
        "accuracy": 0.3137019230769231,
        "macro avg": {
            "precision": 0.28134843957212374,
            "recall": 0.46826375944151355,
            "f1-score": 0.26919050440658976,
            "support": 832.0
        },
        "weighted avg": {
            "precision": 0.5171836819135655,
            "recall": 0.3137019230769231,
            "f1-score": 0.34092605346397714,
            "support": 832.0
        }
    },
    "confusion_matrix": [
        [
            2,
            0,
            0,
            0,
            0,
            0,
            0,
            1
        ],
        [
            5,
            21,
            3,
            3,
            1,
            0,
            2,
            0
        ],
        [
            2,
            5,
            28,
            0,
            2,
            5,
            5,
            1
        ],
        [
            3,
            31,
            31,
            28,
            17,
            10,
            17,
            5
        ],
        [
            1,
            22,
            14,
            6,
            46,
            9,
            6,
            4
        ],
        [
            1,
            23,
            14,
            5,
            20,
            23,
            4,
            3
        ],
        [
            2,
            79,
            75,
            38,
            47,
            37,
            110,
            11
        ],
        [
            0,
            1,
            0,
            0,
            0,
            0,
            0,
            3
        ]
    ]
}