{
    "summary": {
        "accuracy": 0.36483253588516745,
        "balanced_accuracy": 0.4586203246739604,
        "precision_macro": 0.33309612186106713,
        "precision_weighted": 0.5683363864591676,
        "recall_macro": 0.4586203246739604,
        "recall_weighted": 0.36483253588516745,
        "f1_macro": 0.32962223365811394,
        "f1_weighted": 0.3889916792005261,
        "precision": 0.5683363864591676,
        "recall": 0.36483253588516745,
        "f1_score": 0.3889916792005261,
        "top_2_accuracy": 0.534688995215311,
        "top_3_accuracy": 0.6435406698564593,
        "log_loss": 1.7770876885608375,
        "roc_auc_macro": 0.7817920238324244,
        "roc_auc_weighted": 0.7489696824682074,
        "roc_auc": 0.7489696824682074
    },
    "classification_report": {
        "A": {
            "precision": 0.125,
            "recall": 0.25,
            "f1-score": 0.16666666666666666,
            "support": 4.0
        },
        "AGC": {
            "precision": 0.18333333333333332,
            "recall": 0.6666666666666666,
            "f1-score": 0.2875816993464052,
            "support": 33.0
        },
        "ASC-H": {
            "precision": 0.16080402010050251,
            "recall": 0.6037735849056604,
            "f1-score": 0.25396825396825395,
            "support": 53.0
        },
        "ASC-US": {
            "precision": 0.4,
            "recall": 0.22857142857142856,
            "f1-score": 0.2909090909090909,
            "support": 140.0
        },
        "HSIL": {
            "precision": 0.34523809523809523,
            "recall": 0.5471698113207547,
            "f1-score": 0.4233576642335766,
            "support": 106.0
        },
        "LSIL": {
            "precision": 0.27835051546391754,
            "recall": 0.30337078651685395,
            "f1-score": 0.2903225806451613,
            "support": 89.0
        },
        "NILM": {
            "precision": 0.8387096774193549,
            "recall": 0.3194103194103194,
            "f1-score": 0.4626334519572954,
            "support": 407.0
        },
        "SC": {
            "precision": 0.3333333333333333,
            "recall": 0.75,
            "f1-score": 0.46153846153846156,
            "support": 4.0
        },
        "accuracy": 0.36483253588516745,
        "macro avg": {
            "precision": 0.33309612186106713,
            "recall": 0.4586203246739604,
            "f1-score": 0.32962223365811394,
            "support": 836.0
        },
        "weighted avg": {
            "precision": 0.5683363864591676,
            "recall": 0.36483253588516745,
            "f1-score": 0.3889916792005261,
            "support": 836.0
        }
    },
    "confusion_matrix": [
        [
            1,
            2,
            0,
            0,
            0,
            1,
            0,
            0
        ],
        [
            0,
            22,
            1,
            1,
            4,
            2,
            2,
            1
        ],
        [
            1,
            4,
            32,
            1,
            5,
            6,
            4,
            0
        ],
        [
            1,
            23,
            35,
            32,
            23,
            15,
            10,
            1
        ],
        [
            0,
            9,
            15,
            2,
            58,
            15,
            7,
            0
        ],
        [
            1,
            9,
            18,
            5,
            27,
            27,
            2,
            0
        ],
        [
            4,
            51,
            98,
            39,
            50,
            31,
            130,
            4
        ],
        [
            0,
            0,
            0,
            0,
            1,
            0,
            0,
            3
        ]
    ]
}