{
    "summary": {
        "accuracy": 0.35526315789473684,
        "balanced_accuracy": 0.2551510647122265,
        "precision_macro": 0.23199113940960525,
        "precision_weighted": 0.46312127713676365,
        "recall_macro": 0.2551510647122265,
        "recall_weighted": 0.35526315789473684,
        "f1_macro": 0.2215457332309404,
        "f1_weighted": 0.376817684451437,
        "precision": 0.46312127713676365,
        "recall": 0.35526315789473684,
        "f1_score": 0.376817684451437,
        "top_2_accuracy": 0.5478468899521531,
        "top_3_accuracy": 0.7284688995215312,
        "log_loss": 1.9116774585743916,
        "roc_auc_macro": 0.7318766060801194,
        "roc_auc_weighted": 0.686185062255994,
        "roc_auc": 0.686185062255994
    },
    "classification_report": {
        "A": {
            "precision": 0.0,
            "recall": 0.0,
            "f1-score": 0.0,
            "support": 4.0
        },
        "AGC": {
            "precision": 0.17073170731707318,
            "recall": 0.42424242424242425,
            "f1-score": 0.24347826086956523,
            "support": 33.0
        },
        "ASC-H": {
            "precision": 0.22727272727272727,
            "recall": 0.09433962264150944,
            "f1-score": 0.13333333333333333,
            "support": 53.0
        },
        "ASC-US": {
            "precision": 0.22093023255813954,
            "recall": 0.2714285714285714,
            "f1-score": 0.24358974358974358,
            "support": 140.0
        },
        "HSIL": {
            "precision": 0.3197278911564626,
            "recall": 0.44339622641509435,
            "f1-score": 0.3715415019762846,
            "support": 106.0
        },
        "LSIL": {
            "precision": 0.2159090909090909,
            "recall": 0.42696629213483145,
            "f1-score": 0.28679245283018867,
            "support": 89.0
        },
        "NILM": {
            "precision": 0.7013574660633484,
            "recall": 0.3808353808353808,
            "f1-score": 0.49363057324840764,
            "support": 407.0
        },
        "SC": {
            "precision": 0.0,
            "recall": 0.0,
            "f1-score": 0.0,
            "support": 4.0
        },
        "accuracy": 0.35526315789473684,
        "macro avg": {
            "precision": 0.23199113940960525,
            "recall": 0.2551510647122265,
            "f1-score": 0.2215457332309404,
            "support": 836.0
        },
        "weighted avg": {
            "precision": 0.46312127713676365,
            "recall": 0.35526315789473684,
            "f1-score": 0.376817684451437,
            "support": 836.0
        }
    },
    "confusion_matrix": [
        [
            0,
            0,
            0,
            1,
            3,
            0,
            0,
            0
        ],
        [
            1,
            14,
            1,
            9,
            2,
            4,
            2,
            0
        ],
        [
            1,
            4,
            5,
            11,
            10,
            10,
            12,
            0
        ],
        [
            2,
            22,
            2,
            38,
            17,
            23,
            36,
            0
        ],
        [
            0,
            5,
            2,
            19,
            47,
            20,
            11,
            2
        ],
        [
            1,
            7,
            3,
            13,
            21,
            38,
            5,
            1
        ],
        [
            7,
            30,
            8,
            81,
            46,
            79,
            155,
            1
        ],
        [
            0,
            0,
            1,
            0,
            1,
            2,
            0,
            0
        ]
    ]
}