{
    "summary": {
        "accuracy": 0.28365384615384615,
        "balanced_accuracy": 0.15274970896877207,
        "precision_macro": 0.1296575692033622,
        "precision_weighted": 0.3044723767173506,
        "recall_macro": 0.15274970896877207,
        "recall_weighted": 0.28365384615384615,
        "f1_macro": 0.11958937360813629,
        "f1_weighted": 0.2691861516789109,
        "precision": 0.3044723767173506,
        "recall": 0.28365384615384615,
        "f1_score": 0.2691861516789109,
        "top_2_accuracy": 0.5276442307692307,
        "top_3_accuracy": 0.6959134615384616,
        "log_loss": 1.7766409724096401,
        "roc_auc_macro": 0.5858179786359234,
        "roc_auc_weighted": 0.5566733403256797,
        "roc_auc": 0.5566733403256797
    },
    "classification_report": {
        "A": {
            "precision": 0.0,
            "recall": 0.0,
            "f1-score": 0.0,
            "support": 3.0
        },
        "AGC": {
            "precision": 0.14,
            "recall": 0.2,
            "f1-score": 0.16470588235294117,
            "support": 35.0
        },
        "ASC-H": {
            "precision": 0.0,
            "recall": 0.0,
            "f1-score": 0.0,
            "support": 48.0
        },
        "ASC-US": {
            "precision": 0.11764705882352941,
            "recall": 0.028169014084507043,
            "f1-score": 0.045454545454545456,
            "support": 142.0
        },
        "HSIL": {
            "precision": 0.15584415584415584,
            "recall": 0.5555555555555556,
            "f1-score": 0.2434077079107505,
            "support": 108.0
        },
        "LSIL": {
            "precision": 0.1111111111111111,
            "recall": 0.03225806451612903,
            "f1-score": 0.05,
            "support": 93.0
        },
        "NILM": {
            "precision": 0.5126582278481012,
            "recall": 0.40601503759398494,
            "f1-score": 0.45314685314685316,
            "support": 399.0
        },
        "SC": {
            "precision": 0.0,
            "recall": 0.0,
            "f1-score": 0.0,
            "support": 4.0
        },
        "accuracy": 0.28365384615384615,
        "macro avg": {
            "precision": 0.1296575692033622,
            "recall": 0.15274970896877207,
            "f1-score": 0.11958937360813629,
            "support": 832.0
        },
        "weighted avg": {
            "precision": 0.3044723767173506,
            "recall": 0.28365384615384615,
            "f1-score": 0.2691861516789109,
            "support": 832.0
        }
    },
    "confusion_matrix": [
        [
            0,
            1,
            0,
            0,
            1,
            0,
            1,
            0
        ],
        [
            0,
            7,
            0,
            1,
            13,
            3,
            11,
            0
        ],
        [
            0,
            2,
            0,
            1,
            24,
            0,
            21,
            0
        ],
        [
            1,
            6,
            4,
            4,
            69,
            4,
            54,
            0
        ],
        [
            0,
            4,
            1,
            6,
            60,
            3,
            34,
            0
        ],
        [
            1,
            3,
            1,
            6,
            48,
            3,
            31,
            0
        ],
        [
            0,
            27,
            12,
            16,
            169,
            13,
            162,
            0
        ],
        [
            0,
            0,
            0,
            0,
            1,
            1,
            2,
            0
        ]
    ]
}