{
    "summary": {
        "accuracy": 0.567342073897497,
        "balanced_accuracy": 0.5512377063566481,
        "precision_macro": 0.4851882646308563,
        "precision_weighted": 0.5971377652526557,
        "recall_macro": 0.5512377063566481,
        "recall_weighted": 0.567342073897497,
        "f1_macro": 0.5002337345859945,
        "f1_weighted": 0.5738295682299557,
        "precision": 0.5971377652526557,
        "recall": 0.567342073897497,
        "f1_score": 0.5738295682299557,
        "top_2_accuracy": 0.7735399284862932,
        "top_3_accuracy": 0.8784266984505363,
        "log_loss": 1.195301260275513,
        "roc_auc_macro": 0.8735659018381543,
        "roc_auc_weighted": 0.821691038288466,
        "roc_auc": 0.821691038288466
    },
    "classification_report": {
        "A": {
            "precision": 0.5,
            "recall": 0.75,
            "f1-score": 0.6,
            "support": 4.0
        },
        "AGC": {
            "precision": 0.225,
            "recall": 0.5454545454545454,
            "f1-score": 0.3185840707964602,
            "support": 33.0
        },
        "ASC-H": {
            "precision": 0.36666666666666664,
            "recall": 0.41509433962264153,
            "f1-score": 0.3893805309734513,
            "support": 53.0
        },
        "ASC-US": {
            "precision": 0.4293785310734463,
            "recall": 0.5241379310344828,
            "f1-score": 0.4720496894409938,
            "support": 145.0
        },
        "HSIL": {
            "precision": 0.5252525252525253,
            "recall": 0.48598130841121495,
            "f1-score": 0.5048543689320388,
            "support": 107.0
        },
        "LSIL": {
            "precision": 0.46808510638297873,
            "recall": 0.24444444444444444,
            "f1-score": 0.32116788321167883,
            "support": 90.0
        },
        "NILM": {
            "precision": 0.7671232876712328,
            "recall": 0.6947890818858561,
            "f1-score": 0.7291666666666666,
            "support": 403.0
        },
        "SC": {
            "precision": 0.6,
            "recall": 0.75,
            "f1-score": 0.6666666666666666,
            "support": 4.0
        },
        "accuracy": 0.567342073897497,
        "macro avg": {
            "precision": 0.4851882646308563,
            "recall": 0.5512377063566481,
            "f1-score": 0.5002337345859945,
            "support": 839.0
        },
        "weighted avg": {
            "precision": 0.5971377652526557,
            "recall": 0.567342073897497,
            "f1-score": 0.5738295682299557,
            "support": 839.0
        }
    },
    "confusion_matrix": [
        [
            3,
            0,
            0,
            1,
            0,
            0,
            0,
            0
        ],
        [
            0,
            18,
            0,
            8,
            2,
            2,
            3,
            0
        ],
        [
            1,
            5,
            22,
            6,
            4,
            2,
            13,
            0
        ],
        [
            0,
            14,
            4,
            76,
            8,
            4,
            38,
            1
        ],
        [
            1,
            5,
            8,
            16,
            52,
            6,
            18,
            1
        ],
        [
            0,
            12,
            10,
            15,
            18,
            22,
            13,
            0
        ],
        [
            1,
            25,
            16,
            55,
            15,
            11,
            280,
            0
        ],
        [
            0,
            1,
            0,
            0,
            0,
            0,
            0,
            3
        ]
    ]
}