{
    "summary": {
        "accuracy": 0.29142185663924797,
        "balanced_accuracy": 0.31398475914105306,
        "precision_macro": 0.22812488383393312,
        "precision_weighted": 0.4673205297084293,
        "recall_macro": 0.31398475914105306,
        "recall_weighted": 0.29142185663924797,
        "f1_macro": 0.22281085492167035,
        "f1_weighted": 0.3195316484872851,
        "precision": 0.4673205297084293,
        "recall": 0.29142185663924797,
        "f1_score": 0.3195316484872851,
        "top_2_accuracy": 0.48531139835487663,
        "top_3_accuracy": 0.6674500587544065,
        "log_loss": 1.8502737258692408,
        "roc_auc_macro": 0.7147988706800967,
        "roc_auc_weighted": 0.6615113021872814,
        "roc_auc": 0.6615113021872814
    },
    "classification_report": {
        "A": {
            "precision": 0.15384615384615385,
            "recall": 0.5,
            "f1-score": 0.23529411764705882,
            "support": 4.0
        },
        "AGC": {
            "precision": 0.1640625,
            "recall": 0.6176470588235294,
            "f1-score": 0.25925925925925924,
            "support": 34.0
        },
        "ASC-H": {
            "precision": 0.11811023622047244,
            "recall": 0.3125,
            "f1-score": 0.17142857142857143,
            "support": 48.0
        },
        "ASC-US": {
            "precision": 0.2196969696969697,
            "recall": 0.19863013698630136,
            "f1-score": 0.20863309352517986,
            "support": 146.0
        },
        "HSIL": {
            "precision": 0.2389937106918239,
            "recall": 0.336283185840708,
            "f1-score": 0.27941176470588236,
            "support": 113.0
        },
        "LSIL": {
            "precision": 0.17557251908396945,
            "recall": 0.25555555555555554,
            "f1-score": 0.2081447963800905,
            "support": 90.0
        },
        "NILM": {
            "precision": 0.7547169811320755,
            "recall": 0.2912621359223301,
            "f1-score": 0.4203152364273205,
            "support": 412.0
        },
        "SC": {
            "precision": 0.0,
            "recall": 0.0,
            "f1-score": 0.0,
            "support": 4.0
        },
        "accuracy": 0.29142185663924797,
        "macro avg": {
            "precision": 0.22812488383393312,
            "recall": 0.31398475914105306,
            "f1-score": 0.22281085492167035,
            "support": 851.0
        },
        "weighted avg": {
            "precision": 0.4673205297084293,
            "recall": 0.29142185663924797,
            "f1-score": 0.3195316484872851,
            "support": 851.0
        }
    },
    "confusion_matrix": [
        [
            2,
            0,
            0,
            2,
            0,
            0,
            0,
            0
        ],
        [
            2,
            21,
            3,
            1,
            3,
            1,
            2,
            1
        ],
        [
            0,
            10,
            15,
            2,
            9,
            8,
            4,
            0
        ],
        [
            1,
            27,
            24,
            29,
            23,
            25,
            17,
            0
        ],
        [
            2,
            13,
            16,
            15,
            38,
            22,
            7,
            0
        ],
        [
            2,
            10,
            9,
            11,
            27,
            23,
            8,
            0
        ],
        [
            4,
            47,
            59,
            71,
            58,
            52,
            120,
            1
        ],
        [
            0,
            0,
            1,
            1,
            1,
            0,
            1,
            0
        ]
    ]
}