{
    "summary": {
        "accuracy": 0.599523241954708,
        "balanced_accuracy": 0.6882187352002851,
        "precision_macro": 0.5631157409773792,
        "precision_weighted": 0.6461411117159078,
        "recall_macro": 0.6882187352002851,
        "recall_weighted": 0.599523241954708,
        "f1_macro": 0.5947404571646185,
        "f1_weighted": 0.6090123633621152,
        "precision": 0.6461411117159078,
        "recall": 0.599523241954708,
        "f1_score": 0.6090123633621152,
        "top_2_accuracy": 0.8009535160905841,
        "top_3_accuracy": 0.8915375446960667,
        "log_loss": 1.1190549005518238,
        "roc_auc_macro": 0.8990813318113025,
        "roc_auc_weighted": 0.8609954812328386,
        "roc_auc": 0.8609954812328386
    },
    "classification_report": {
        "A": {
            "precision": 0.4444444444444444,
            "recall": 1.0,
            "f1-score": 0.6153846153846154,
            "support": 4.0
        },
        "AGC": {
            "precision": 0.3333333333333333,
            "recall": 0.6060606060606061,
            "f1-score": 0.43010752688172044,
            "support": 33.0
        },
        "ASC-H": {
            "precision": 0.37623762376237624,
            "recall": 0.7169811320754716,
            "f1-score": 0.4935064935064935,
            "support": 53.0
        },
        "ASC-US": {
            "precision": 0.5,
            "recall": 0.36551724137931035,
            "f1-score": 0.42231075697211157,
            "support": 145.0
        },
        "HSIL": {
            "precision": 0.6162790697674418,
            "recall": 0.4953271028037383,
            "f1-score": 0.5492227979274611,
            "support": 107.0
        },
        "LSIL": {
            "precision": 0.4172661870503597,
            "recall": 0.6444444444444445,
            "f1-score": 0.5065502183406113,
            "support": 90.0
        },
        "NILM": {
            "precision": 0.8173652694610778,
            "recall": 0.6774193548387096,
            "f1-score": 0.7408412483039348,
            "support": 403.0
        },
        "SC": {
            "precision": 1.0,
            "recall": 1.0,
            "f1-score": 1.0,
            "support": 4.0
        },
        "accuracy": 0.599523241954708,
        "macro avg": {
            "precision": 0.5631157409773792,
            "recall": 0.6882187352002851,
            "f1-score": 0.5947404571646185,
            "support": 839.0
        },
        "weighted avg": {
            "precision": 0.6461411117159078,
            "recall": 0.599523241954708,
            "f1-score": 0.6090123633621152,
            "support": 839.0
        }
    },
    "confusion_matrix": [
        [
            4,
            0,
            0,
            0,
            0,
            0,
            0,
            0
        ],
        [
            2,
            20,
            2,
            2,
            1,
            4,
            2,
            0
        ],
        [
            1,
            1,
            38,
            2,
            1,
            6,
            4,
            0
        ],
        [
            1,
            9,
            11,
            53,
            6,
            27,
            38,
            0
        ],
        [
            0,
            6,
            12,
            6,
            53,
            16,
            14,
            0
        ],
        [
            0,
            5,
            9,
            7,
            8,
            58,
            3,
            0
        ],
        [
            1,
            19,
            29,
            36,
            17,
            28,
            273,
            0
        ],
        [
            0,
            0,
            0,
            0,
            0,
            0,
            0,
            4
        ]
    ]
}