{
    "summary": {
        "accuracy": 0.40384615384615385,
        "balanced_accuracy": 0.49281328475000163,
        "precision_macro": 0.3518593545963077,
        "precision_weighted": 0.5730685752764327,
        "recall_macro": 0.49281328475000163,
        "recall_weighted": 0.40384615384615385,
        "f1_macro": 0.36447814781394605,
        "f1_weighted": 0.4235095934250333,
        "precision": 0.5730685752764327,
        "recall": 0.40384615384615385,
        "f1_score": 0.4235095934250333,
        "top_2_accuracy": 0.6298076923076923,
        "top_3_accuracy": 0.7620192307692307,
        "log_loss": 1.5685741090031156,
        "roc_auc_macro": 0.8153095779372849,
        "roc_auc_weighted": 0.773387713694919,
        "roc_auc": 0.773387713694919
    },
    "classification_report": {
        "A": {
            "precision": 0.2222222222222222,
            "recall": 0.6666666666666666,
            "f1-score": 0.3333333333333333,
            "support": 3.0
        },
        "AGC": {
            "precision": 0.18333333333333332,
            "recall": 0.6285714285714286,
            "f1-score": 0.2838709677419355,
            "support": 35.0
        },
        "ASC-H": {
            "precision": 0.24731182795698925,
            "recall": 0.4791666666666667,
            "f1-score": 0.3262411347517731,
            "support": 48.0
        },
        "ASC-US": {
            "precision": 0.35964912280701755,
            "recall": 0.2887323943661972,
            "f1-score": 0.3203125,
            "support": 142.0
        },
        "HSIL": {
            "precision": 0.3108108108108108,
            "recall": 0.6388888888888888,
            "f1-score": 0.41818181818181815,
            "support": 108.0
        },
        "LSIL": {
            "precision": 0.3564356435643564,
            "recall": 0.3870967741935484,
            "f1-score": 0.3711340206185567,
            "support": 93.0
        },
        "NILM": {
            "precision": 0.8493975903614458,
            "recall": 0.3533834586466165,
            "f1-score": 0.49911504424778763,
            "support": 399.0
        },
        "SC": {
            "precision": 0.2857142857142857,
            "recall": 0.5,
            "f1-score": 0.36363636363636365,
            "support": 4.0
        },
        "accuracy": 0.40384615384615385,
        "macro avg": {
            "precision": 0.3518593545963077,
            "recall": 0.49281328475000163,
            "f1-score": 0.36447814781394605,
            "support": 832.0
        },
        "weighted avg": {
            "precision": 0.5730685752764327,
            "recall": 0.40384615384615385,
            "f1-score": 0.4235095934250333,
            "support": 832.0
        }
    },
    "confusion_matrix": [
        [
            2,
            0,
            0,
            0,
            0,
            0,
            1,
            0
        ],
        [
            0,
            22,
            2,
            2,
            4,
            1,
            3,
            1
        ],
        [
            1,
            5,
            23,
            2,
            6,
            5,
            5,
            1
        ],
        [
            1,
            29,
            14,
            41,
            31,
            13,
            12,
            1
        ],
        [
            2,
            11,
            8,
            3,
            69,
            12,
            2,
            1
        ],
        [
            0,
            15,
            9,
            4,
            27,
            36,
            2,
            0
        ],
        [
            3,
            38,
            36,
            62,
            84,
            34,
            141,
            1
        ],
        [
            0,
            0,
            1,
            0,
            1,
            0,
            0,
            2
        ]
    ]
}