{
    "summary": {
        "accuracy": 0.4300822561692127,
        "balanced_accuracy": 0.4736233296369501,
        "precision_macro": 0.40786661349554243,
        "precision_weighted": 0.5930216898747369,
        "recall_macro": 0.4736233296369501,
        "recall_weighted": 0.4300822561692127,
        "f1_macro": 0.3962161872953761,
        "f1_weighted": 0.4554391906842899,
        "precision": 0.5930216898747369,
        "recall": 0.4300822561692127,
        "f1_score": 0.4554391906842899,
        "top_2_accuracy": 0.6792009400705052,
        "top_3_accuracy": 0.8049353701527615,
        "log_loss": 1.4309038049997138,
        "roc_auc_macro": 0.7871342833248981,
        "roc_auc_weighted": 0.7931226428428662,
        "roc_auc": 0.7931226428428662
    },
    "classification_report": {
        "A": {
            "precision": 0.6666666666666666,
            "recall": 0.5,
            "f1-score": 0.5714285714285714,
            "support": 4.0
        },
        "AGC": {
            "precision": 0.24545454545454545,
            "recall": 0.7941176470588235,
            "f1-score": 0.375,
            "support": 34.0
        },
        "ASC-H": {
            "precision": 0.16058394160583941,
            "recall": 0.4583333333333333,
            "f1-score": 0.23783783783783785,
            "support": 48.0
        },
        "ASC-US": {
            "precision": 0.3615819209039548,
            "recall": 0.4383561643835616,
            "f1-score": 0.39628482972136225,
            "support": 146.0
        },
        "HSIL": {
            "precision": 0.5555555555555556,
            "recall": 0.5309734513274337,
            "f1-score": 0.5429864253393665,
            "support": 113.0
        },
        "LSIL": {
            "precision": 0.3203125,
            "recall": 0.45555555555555555,
            "f1-score": 0.3761467889908257,
            "support": 90.0
        },
        "NILM": {
            "precision": 0.8277777777777777,
            "recall": 0.3616504854368932,
            "f1-score": 0.5033783783783784,
            "support": 412.0
        },
        "SC": {
            "precision": 0.125,
            "recall": 0.25,
            "f1-score": 0.16666666666666666,
            "support": 4.0
        },
        "accuracy": 0.4300822561692127,
        "macro avg": {
            "precision": 0.40786661349554243,
            "recall": 0.4736233296369501,
            "f1-score": 0.3962161872953761,
            "support": 851.0
        },
        "weighted avg": {
            "precision": 0.5930216898747369,
            "recall": 0.4300822561692127,
            "f1-score": 0.4554391906842899,
            "support": 851.0
        }
    },
    "confusion_matrix": [
        [
            2,
            0,
            0,
            0,
            1,
            1,
            0,
            0
        ],
        [
            0,
            27,
            1,
            1,
            1,
            3,
            1,
            0
        ],
        [
            0,
            5,
            22,
            5,
            4,
            5,
            7,
            0
        ],
        [
            0,
            14,
            24,
            64,
            8,
            20,
            16,
            0
        ],
        [
            0,
            10,
            16,
            7,
            60,
            14,
            5,
            1
        ],
        [
            0,
            12,
            14,
            9,
            8,
            41,
            2,
            4
        ],
        [
            1,
            41,
            60,
            90,
            26,
            43,
            149,
            2
        ],
        [
            0,
            1,
            0,
            1,
            0,
            1,
            0,
            1
        ]
    ]
}