{
    "summary": {
        "accuracy": 0.4904306220095694,
        "balanced_accuracy": 0.6085096053759929,
        "precision_macro": 0.42430902802976717,
        "precision_weighted": 0.6142783617071915,
        "recall_macro": 0.6085096053759929,
        "recall_weighted": 0.4904306220095694,
        "f1_macro": 0.46366001063499684,
        "f1_weighted": 0.5142410914847201,
        "precision": 0.6142783617071915,
        "recall": 0.4904306220095694,
        "f1_score": 0.5142410914847201,
        "top_2_accuracy": 0.7129186602870813,
        "top_3_accuracy": 0.8421052631578947,
        "log_loss": 1.3848257104584685,
        "roc_auc_macro": 0.836787153409701,
        "roc_auc_weighted": 0.817115296723059,
        "roc_auc": 0.817115296723059
    },
    "classification_report": {
        "A": {
            "precision": 0.42857142857142855,
            "recall": 0.75,
            "f1-score": 0.5454545454545454,
            "support": 4.0
        },
        "AGC": {
            "precision": 0.21052631578947367,
            "recall": 0.6060606060606061,
            "f1-score": 0.3125,
            "support": 33.0
        },
        "ASC-H": {
            "precision": 0.2912621359223301,
            "recall": 0.5660377358490566,
            "f1-score": 0.38461538461538464,
            "support": 53.0
        },
        "ASC-US": {
            "precision": 0.3804347826086957,
            "recall": 0.5,
            "f1-score": 0.43209876543209874,
            "support": 140.0
        },
        "HSIL": {
            "precision": 0.5283018867924528,
            "recall": 0.5283018867924528,
            "f1-score": 0.5283018867924528,
            "support": 106.0
        },
        "LSIL": {
            "precision": 0.37272727272727274,
            "recall": 0.4606741573033708,
            "f1-score": 0.4120603015075377,
            "support": 89.0
        },
        "NILM": {
            "precision": 0.8493150684931506,
            "recall": 0.457002457002457,
            "f1-score": 0.5942492012779552,
            "support": 407.0
        },
        "SC": {
            "precision": 0.3333333333333333,
            "recall": 1.0,
            "f1-score": 0.5,
            "support": 4.0
        },
        "accuracy": 0.4904306220095694,
        "macro avg": {
            "precision": 0.42430902802976717,
            "recall": 0.6085096053759929,
            "f1-score": 0.46366001063499684,
            "support": 836.0
        },
        "weighted avg": {
            "precision": 0.6142783617071915,
            "recall": 0.4904306220095694,
            "f1-score": 0.5142410914847201,
            "support": 836.0
        }
    },
    "confusion_matrix": [
        [
            3,
            0,
            0,
            0,
            1,
            0,
            0,
            0
        ],
        [
            1,
            20,
            3,
            4,
            2,
            3,
            0,
            0
        ],
        [
            0,
            3,
            30,
            4,
            2,
            9,
            4,
            1
        ],
        [
            0,
            20,
            14,
            70,
            8,
            12,
            16,
            0
        ],
        [
            2,
            9,
            8,
            8,
            56,
            13,
            8,
            2
        ],
        [
            0,
            8,
            8,
            9,
            14,
            41,
            5,
            4
        ],
        [
            1,
            35,
            40,
            89,
            23,
            32,
            186,
            1
        ],
        [
            0,
            0,
            0,
            0,
            0,
            0,
            0,
            4
        ]
    ]
}