class_label,count,percentage
A,9,0.3
AGC,116,3.8666666666666667
ASC-H,183,6.1
ASC-US,518,17.266666666666666
HSIL,397,13.233333333333333
LSIL,319,10.633333333333333
NILM,1447,48.233333333333334
SC,11,0.36666666666666664
