,precision,recall,f1-score,support
A,0.6,0.75,0.6666666666666666,4.0
AGC,0.21774193548387097,0.7941176470588235,0.34177215189873417,34.0
ASC-H,0.216,0.5625,0.31213872832369943,48.0
ASC-US,0.3875,0.4246575342465753,0.40522875816993464,146.0
HSIL,0.368,0.40707964601769914,0.3865546218487395,113.0
LSIL,0.3695652173913043,0.5666666666666667,0.4473684210526316,90.0
NILM,0.8392857142857143,0.3422330097087379,0.4862068965517241,412.0
SC,0.0,0.0,0.0,4.0
accuracy,0.4195064629847238,0.4195064629847238,0.4195064629847238,0.4195064629847238
macro avg,0.3747616083951112,0.48090681296231275,0.38074203056401623,851.0
weighted avg,0.5844615859663728,0.4195064629847238,0.43794835373269847,851.0
