,precision,recall,f1-score,support
A,0.42857142857142855,0.75,0.5454545454545454,4.0
AGC,0.21052631578947367,0.6060606060606061,0.3125,33.0
ASC-H,0.2912621359223301,0.5660377358490566,0.38461538461538464,53.0
ASC-US,0.3804347826086957,0.5,0.43209876543209874,140.0
HSIL,0.5283018867924528,0.5283018867924528,0.5283018867924528,106.0
LSIL,0.37272727272727274,0.4606741573033708,0.4120603015075377,89.0
NILM,0.8493150684931506,0.457002457002457,0.5942492012779552,407.0
SC,0.3333333333333333,1.0,0.5,4.0
accuracy,0.4904306220095694,0.4904306220095694,0.4904306220095694,0.4904306220095694
macro avg,0.42430902802976717,0.6085096053759929,0.46366001063499684,836.0
weighted avg,0.6142783617071915,0.4904306220095694,0.5142410914847201,836.0
